Unnamed: 0;env;Total_Ticks;Total_Steps;Fight_Num;result;fight_time;action_0;action_1;action_2;action_3;action_4;action_5;action_6;action_7;damage_0;damage_1;damage_2;damage_3;damage_4;damage_5;damage_6;damage_7;total_reward;damage_taken;rounds_won;rounds_lost;stun_time
0;0x000001E7FFFA2C50;7263;677;0;0;19;85;89;93;78;81;95;80;76;15;11;6;45;4;28;63;87;-83.5;328;1;2;142
1;0x000001E7FFFA2C50;15100;1405;0;1;12;87;80;110;106;81;96;95;73;21;0;34;44;30;14;119;128;268.0;261;2;1;149
2;0x000001E7FFFA2C50;21957;2026;1;0;32;165;160;186;171;165;179;177;146;25;47;34;46;36;41;182;212;271.5;522;2;2;268
3;0x000001E7FFFA2C50;29806;2719;0;0;19;77;75;91;80;85;94;84;107;14;44;19;18;17;1;104;132;36.0;292;1;2;117
4;0x000001E7FFFA2C50;37816;3419;0;1;21;79;86;85;80;89;85;97;99;33;43;7;4;48;31;98;141;390.5;243;2;0;106
5;0x000001E7FFFA2C50;74803;6491;0;1;15;0;0;0;0;0;161;0;186;0;0;0;0;0;62;0;215;404.5;93;2;0;23
6;0x000001E7FFFA2C50;83003;7171;1;0;30;0;0;0;0;0;611;0;416;0;0;0;0;0;143;0;369;428.5;423;1;2;132
7;0x000001E7FFFA2C50;88011;7518;0;1;15;0;0;0;0;0;161;0;186;0;0;0;0;0;62;0;215;404.5;93;2;0;23
8;0x000001E7FFFA2C50;96211;8198;1;0;30;0;0;0;0;0;611;0;416;0;0;0;0;0;143;0;369;428.5;423;1;2;132
9;0x000001E7FFFA2C50;104083;8863;0;0;14;72;46;68;98;77;99;94;111;11;21;0;48;37;6;45;178;56.0;296;1;2;124
10;0x000001E7FFFA2C50;110978;9453;0;0;8;63;53;65;96;57;79;82;95;13;15;2;39;14;16;44;151;-10.0;293;1;2;135
11;0x000001E7FFFA2C50;120784;10280;0;0;21;73;70;79;136;106;110;128;125;25;22;4;21;39;20;122;103;-92.5;369;1;2;174
12;0x000001E7FFFA2C50;126033;10716;0;1;22;23;39;36;61;72;62;51;92;5;1;2;41;28;22;52;131;365.0;152;2;0;41
13;0x000001E7FFFA2C50;131492;11162;1;1;42;61;76;79;120;132;121;118;175;21;25;2;53;64;31;111;248;909.5;287;2;0;74
14;0x000001E7FFFA2C50;137181;11648;2;0;61;116;115;119;193;206;176;170;273;21;25;2;60;66;31;182;366;878.0;557;2;2;199
15;0x000001E7FFFA2C50;141463;11995;0;1;16;26;33;33;38;52;43;43;79;17;0;0;18;34;20;34;150;427.0;32;2;0;18
16;0x000001E7FFFA2C50;146419;12414;1;1;21;68;72;69;97;108;98;92;162;30;2;0;41;34;26;109;283;986.5;141;2;0;41
17;0x000001E7FFFA2C50;151451;12837;2;0;31;106;111;97;156;163;168;143;245;31;6;27;41;34;52;124;351;954.5;401;2;2;148
18;0x000001E7FFFA2C50;158773;13418;0;1;16;42;36;43;81;93;75;86;125;11;0;14;3;7;11;76;276;334.0;277;2;1;94
19;0x000001E7FFFA2C50;167338;14088;1;0;31;84;91;106;156;193;156;184;281;11;0;15;26;41;42;155;469;539.5;604;1;2;173
20;0x000001E7FFFA2C50;175538;14677;0;1;18;0;0;0;0;0;121;0;214;0;0;0;0;0;45;0;230;373.5;121;2;0;21
21;0x000001E7FFFA2C50;185202;15270;1;0;36;0;0;0;0;0;304;0;624;0;0;0;0;0;56;0;526;500.5;438;1;2;116
22;0x000001E7FFFA2C50;190450;15605;0;1;18;0;0;0;0;0;121;0;214;0;0;0;0;0;45;0;230;373.5;121;2;0;21
23;0x000001E7FFFA2C50;200114;16198;1;0;36;0;0;0;0;0;304;0;624;0;0;0;0;0;56;0;526;500.5;438;1;2;116
24;0x000001E7FFFA2C50;205579;16612;0;1;28;27;29;26;49;69;47;70;97;0;0;11;29;8;11;78;135;271.5;205;2;0;86
25;0x000001E7FFFA2C50;215101;17360;1;0;43;72;85;77;135;205;148;195;245;25;8;23;66;16;32;147;308;385.5;607;1;2;198
26;0x000001E7FFFA2C50;219808;17738;0;1;10;17;20;27;49;91;44;59;71;2;4;2;4;56;27;58;108;368.5;93;2;0;38
27;0x000001E7FFFA2C50;229027;18501;1;0;33;62;73;102;149;230;147;162;216;16;23;8;48;80;59;176;187;575.5;390;1;2;138
28;0x000001E7FFFA2C50;235227;18986;0;1;26;39;32;28;65;84;57;81;99;0;0;2;15;7;40;89;120;235.0;238;2;0;93
29;0x000001E7FFFA2C50;241610;19506;1;1;49;68;72;64;129;195;120;148;209;20;20;17;19;39;62;105;263;711.5;427;2;0;142
30;0x000001E7FFFA2C50;247509;19994;2;0;70;103;106;97;192;282;198;214;301;33;22;17;30;39;87;152;329;657.5;698;2;2;293
31;0x000001E7FFFA2C50;254722;20555;0;0;14;41;36;43;67;95;64;83;132;21;5;4;2;19;19;99;175;30.5;305;1;2;129
32;0x000001E7FFFA2C50;261983;21145;0;0;10;34;46;41;86;122;56;72;133;16;3;12;5;53;25;46;98;-67.5;362;1;2;106
33;0x000001E7FFFA2C50;267660;21588;0;1;17;21;30;36;68;89;30;65;104;0;9;12;3;2;15;45;196;291.0;228;2;0;56
34;0x000001E7FFFA2C50;273772;22069;1;1;26;53;65;64;141;178;72;127;224;0;9;40;35;54;37;82;301;796.0;382;2;0;114
35;0x000001E7FFFA2C50;283048;22638;0;1;26;0;0;0;0;0;0;0;296;0;0;0;0;0;0;0;279;357.0;172;2;0;15
36;0x000001E7FFFA2C50;293368;23154;1;0;53;0;0;0;0;0;0;0;812;0;0;0;0;0;0;0;606;556.0;509;1;2;57
37;0x000001E7FFFA2C50;299288;23450;0;1;26;0;0;0;0;0;0;0;296;0;0;0;0;0;0;0;279;357.0;172;2;0;15
38;0x000001E7FFFA2C50;309608;23966;1;0;53;0;0;0;0;0;0;0;812;0;0;0;0;0;0;0;606;556.0;509;1;2;57
39;0x000001E7FFFA2C50;317501;24620;0;0;26;57;49;62;95;113;63;86;129;3;11;1;41;46;17;78;198;153.5;286;1;2;83
40;0x000001E7FFFA2C50;325606;25266;0;0;22;53;45;68;77;104;63;87;149;24;3;0;16;39;2;33;227;29.0;360;1;2;103
41;0x000001E7FFFA2C50;330461;25653;0;1;17;22;29;27;51;81;37;52;88;2;5;0;10;36;28;65;128;391.0;110;2;0;33
42;0x000001E7FFFA2C50;336339;26099;1;1;44;40;61;52;122;162;73;117;206;5;21;2;29;38;30;109;324;959.0;219;2;0;63
43;0x000001E7FFFA2C50;343725;26675;2;0;72;69;112;106;194;248;135;197;348;11;24;2;31;43;30;170;455;957.5;491;2;2;205
44;0x000001E7FFFA2C50;350260;27183;0;1;38;26;44;37;70;79;60;86;106;15;0;12;2;17;11;95;132;318.0;166;2;0;54
45;0x000001E7FFFA2C50;358401;27811;1;0;59;56;92;86;134;206;128;187;247;18;4;14;2;23;43;194;240;398.5;433;1;2;147
46;0x000001E7FFFA2C50;363027;28157;0;1;19;19;26;31;30;69;25;53;93;0;26;0;9;30;2;75;143;340.5;185;2;0;52
47;0x000001E7FFFA2C50;372723;28914;1;0;44;55;82;79;134;197;126;172;258;14;39;19;63;33;18;164;271;542.0;463;1;2;144
48;0x000001E7FFFA2C50;378367;29346;0;0;8;22;37;31;58;69;47;80;88;0;0;2;17;6;0;78;139;-51.5;307;1;2;108
49;0x000001E7FFFA2C50;385311;29863;0;0;3;19;38;40;75;67;62;97;119;2;13;2;14;17;4;27;138;-136.0;369;1;2;123
50;0x000001E7FFFA2C50;394549;30406;0;1;26;0;0;0;0;0;0;0;296;0;0;0;0;0;0;0;279;357.0;172;2;0;15
51;0x000001E7FFFA2C50;404869;30922;1;0;53;0;0;0;0;0;0;0;812;0;0;0;0;0;0;0;606;556.0;509;1;2;57
52;0x000001E7FFFA2C50;410789;31218;0;1;26;0;0;0;0;0;0;0;296;0;0;0;0;0;0;0;279;357.0;172;2;0;15
53;0x000001E7FFFA2C50;421109;31734;1;0;53;0;0;0;0;0;0;0;812;0;0;0;0;0;0;0;606;556.0;509;1;2;57
54;0x000001E7FFFA2C50;428700;32330;0;1;18;25;43;43;90;111;69;111;104;9;6;35;55;26;44;138;86;341.0;232;2;1;97
55;0x000001E7FFFA2C50;438616;33084;1;0;35;63;97;99;182;241;152;239;277;27;15;65;70;57;58;218;235;437.0;631;1;2;242
56;0x000001E7FFFA2C50;443597;33483;0;1;19;18;28;28;57;78;51;63;76;4;16;28;20;15;29;56;101;242.0;258;2;0;69
57;0x000001E7FFFA2C50;454179;34308;1;0;45;59;79;96;167;217;159;202;245;15;26;39;52;64;62;130;269;387.0;633;1;2;202
58;0x000001E7FFFA2C50;459429;34710;0;1;24;19;29;21;61;68;46;67;91;0;31;0;14;3;4;102;118;320.0;212;2;0;52
59;0x000001E7FFFA2C50;469544;35460;1;0;42;57;75;74;141;187;146;208;264;20;35;4;43;31;41;235;258;466.5;595;1;2;151
60;0x000001E7FFFA2C50;473741;35779;0;1;22;22;24;17;36;51;44;61;64;15;14;2;21;29;4;81;113;385.5;143;2;0;36
61;0x000001E7FFFA2C50;483871;36532;1;0;43;58;76;59;112;193;138;206;230;16;31;13;52;71;15;168;216;440.0;541;1;2;164
62;0x000001E7FFFA2C50;491149;37088;0;1;21;16;33;43;70;94;81;91;128;0;0;2;22;37;41;63;183;279.5;270;2;1;87
63;0x000001E7FFFA2C50;499107;37689;1;1;39;43;71;84;138;201;161;202;257;5;9;56;46;70;55;141;342;773.5;521;2;1;194
64;0x000001E7FFFA2C50;507668;38193;0;1;30;0;0;0;0;8;1;0;306;0;0;0;0;1;9;0;276;352.0;188;2;0;16
65;0x000001E7FFFA2C50;519152;38784;1;0;40;0;0;0;0;36;1;0;869;0;0;0;0;1;9;0;568;463.5;571;1;2;90
66;0x000001E7FFFA2C50;525344;39099;0;1;30;0;0;0;0;8;1;0;306;0;0;0;0;1;9;0;276;352.0;188;2;0;16
67;0x000001E7FFFA2C50;536828;39690;1;0;40;0;0;0;0;36;1;0;869;0;0;0;0;1;9;0;568;463.5;571;1;2;90
68;0x000001E7FFFA2C50;543800;40238;0;0;10;21;30;44;69;89;99;100;96;23;3;17;29;38;14;65;136;49.5;288;1;2;92
69;0x000001E7FFFA2C50;549307;40639;0;1;17;18;32;23;52;50;52;84;90;2;2;12;2;7;4;82;167;367.0;144;2;0;39
70;0x000001E7FFFA2C50;554814;41057;1;1;28;37;59;50;104;111;120;164;174;2;2;38;2;76;4;138;293;966.5;205;2;0;61
71;0x000001E7FFFA2C50;562906;41694;2;0;37;58;100;101;175;196;259;272;295;2;15;53;2;98;36;273;371;1022.5;597;1;2;209
72;0x000001E7FFFA2C50;568339;42089;0;1;25;17;23;26;49;58;49;78;95;2;4;14;4;0;2;116;138;324.5;191;2;0;61
73;0x000001E7FFFA2C50;574073;42515;1;1;45;46;55;54;106;111;97;159;193;27;23;16;8;2;18;184;276;857.0;308;2;0;102
74;0x000001E7FFFA2C50;581653;43087;2;1;74;77;93;89;178;194;181;267;314;27;23;18;21;16;52;294;373;1359.0;558;2;0;187
0;0x000001F128BD2C00;7689;667;0;0;15;87;71;78;79;83;78;94;97;25;17;26;27;33;25;87;103;-5.5;341;1;2;137
1;0x000001F128BD2C00;16401;1430;0;0;17;83;100;90;107;85;86;111;101;40;14;28;37;26;28;101;105;-13.5;383;1;2;142
2;0x000001F128BD2C00;22205;1941;0;1;24;61;71;55;57;66;62;73;66;8;14;30;59;13;3;66;84;289.5;197;2;0;64
3;0x000001F128BD2C00;33004;2928;1;1;58;185;170;181;181;204;193;182;202;44;40;130;84;26;28;134;146;619.5;565;2;1;214
4;0x000001F128BD2C00;42738;3797;2;0;82;305;252;278;284;319;316;291;322;57;53;162;124;80;54;224;270;768.5;934;1;2;400
5;0x000001F128BD2C00;47406;4211;0;1;15;40;38;48;58;64;54;49;63;14;46;30;25;33;41;41;50;370.5;123;2;0;53
6;0x000001F128BD2C00;57324;5048;1;0;33;137;111;120;166;186;166;183;182;44;46;36;27;63;45;116;224;513.5;418;1;2;160
7;0x000001F128BD2C00;63335;5542;0;1;22;51;37;60;61;58;65;81;81;47;0;12;10;14;30;103;54;281.5;229;2;0;74
8;0x000001F128BD2C00;69011;6023;1;1;48;106;70;117;128;110;136;153;155;61;0;45;10;32;46;230;125;786.0;384;2;0;117
9;0x000001F128BD2C00;75357;6491;0;1;15;0;0;0;0;0;161;0;186;0;0;0;0;0;62;0;215;404.5;93;2;0;23
10;0x000001F128BD2C00;83557;7171;1;0;30;0;0;0;0;0;611;0;416;0;0;0;0;0;143;0;369;428.5;423;1;2;132
11;0x000001F128BD2C00;88565;7518;0;1;15;0;0;0;0;0;161;0;186;0;0;0;0;0;62;0;215;404.5;93;2;0;23
12;0x000001F128BD2C00;96765;8198;1;0;30;0;0;0;0;0;611;0;416;0;0;0;0;0;143;0;369;428.5;423;1;2;132
13;0x000001F128BD2C00;102202;8628;0;1;22;27;20;49;55;58;66;72;83;15;13;16;3;26;31;57;113;385.0;96;2;0;35
14;0x000001F128BD2C00;110157;9296;1;0;37;86;68;133;149;134;166;175;187;17;20;34;24;53;80;158;191;551.5;388;1;2;120
15;0x000001F128BD2C00;117933;9947;0;0;20;64;45;74;77;96;91;95;109;0;14;32;34;32;53;69;144;50.0;312;1;2;123
16;0x000001F128BD2C00;126633;10707;0;1;20;63;73;83;105;107;115;94;120;20;27;27;21;8;86;68;130;212.5;382;2;1;159
17;0x000001F128BD2C00;135838;11475;1;0;36;133;139;150;201;212;236;205;252;40;27;41;37;39;110;114;286;319.0;733;1;2;261
18;0x000001F128BD2C00;143875;12157;0;0;7;65;60;70;80;84;114;87;122;6;15;0;33;0;32;100;83;-125.5;402;1;2;144
19;0x000001F128BD2C00;148340;12504;0;1;15;20;28;29;50;47;43;64;66;0;2;2;0;34;51;46;144;369.5;153;2;0;38
20;0x000001F128BD2C00;154988;13070;1;1;41;69;67;89;126;130;129;131;172;22;16;2;16;85;74;79;244;824.5;319;2;0;116
21;0x000001F128BD2C00;161414;13619;2;0;65;110;103;137;187;233;227;200;265;49;16;2;37;119;76;158;336;867.5;592;2;2;259
22;0x000001F128BD2C00;167913;14145;0;0;1;42;38;48;73;66;76;74;109;49;12;18;6;6;39;30;60;-176.0;418;1;2;114
23;0x000001F128BD2C00;175557;14677;0;1;18;0;0;0;0;0;121;0;214;0;0;0;0;0;45;0;230;373.5;121;2;0;21
24;0x000001F128BD2C00;185221;15270;1;0;36;0;0;0;0;0;304;0;624;0;0;0;0;0;56;0;526;500.5;438;1;2;116
25;0x000001F128BD2C00;190469;15605;0;1;18;0;0;0;0;0;121;0;214;0;0;0;0;0;45;0;230;373.5;121;2;0;21
26;0x000001F128BD2C00;200133;16198;1;0;36;0;0;0;0;0;304;0;624;0;0;0;0;0;56;0;526;500.5;438;1;2;116
27;0x000001F128BD2C00;207430;16764;0;0;4;41;37;48;65;87;71;89;128;22;12;14;0;51;4;94;92;-65.0;396;1;2;106
28;0x000001F128BD2C00;215029;17383;0;0;21;44;40;50;71;124;83;92;115;0;15;2;28;53;30;121;97;73.5;279;1;2;103
29;0x000001F128BD2C00;218527;17671;0;1;9;20;25;17;36;61;34;38;57;4;0;2;0;10;2;50;206;428.5;83;2;0;24
30;0x000001F128BD2C00;282622;22638;0;1;26;0;0;0;0;0;0;0;296;0;0;0;0;0;0;0;279;357.0;172;2;0;15
31;0x000001F128BD2C00;292942;23154;1;0;53;0;0;0;0;0;0;0;812;0;0;0;0;0;0;0;606;556.0;509;1;2;57
32;0x000001F128BD2C00;298862;23450;0;1;26;0;0;0;0;0;0;0;296;0;0;0;0;0;0;0;279;357.0;172;2;0;15
33;0x000001F128BD2C00;309182;23966;1;0;53;0;0;0;0;0;0;0;812;0;0;0;0;0;0;0;606;556.0;509;1;2;57
34;0x000001F128BD2C00;317535;24625;0;0;20;46;42;65;82;112;63;82;167;23;0;8;5;33;16;61;172;-42.5;390;1;2;131
35;0x000001F128BD2C00;323407;25090;0;0;7;31;34;42;69;86;26;51;126;0;18;25;34;0;6;27;167;33.5;290;1;2;73
36;0x000001F128BD2C00;330961;25701;0;0;14;38;39;60;81;115;68;91;119;2;2;22;20;55;11;65;172;25.0;318;1;2;118
37;0x000001F128BD2C00;339082;26368;0;0;18;55;58;61;81;111;75;82;144;13;25;11;23;24;11;44;220;10.5;352;1;2;145
38;0x000001F128BD2C00;344034;26747;0;1;21;24;21;27;52;63;44;67;81;0;16;3;19;4;22;94;126;344.0;198;2;0;44
39;0x000001F128BD2C00;351336;27290;1;1;46;54;75;70;91;156;99;161;216;2;32;10;34;86;38;166;199;870.5;325;2;0;89
40;0x000001F128BD2C00;361314;28113;2;0;66;108;152;123;193;298;220;259;392;4;50;38;43;102;118;240;341;1033.5;691;1;2;237
41;0x000001F128BD2C00;368650;28703;0;0;21;30;48;36;90;100;75;72;139;11;11;0;25;21;4;50;179;-30.0;357;1;2;105
42;0x000001F128BD2C00;376425;29297;0;0;10;14;38;41;88;104;74;96;139;0;11;0;69;17;16;47;85;-149.5;391;1;2;124
43;0x000001F128BD2C00;382742;29787;0;0;3;17;39;40;59;88;60;77;110;0;0;5;23;2;37;90;134;-73.5;364;1;2;103
44;0x000001F128BD2C00;393012;30406;0;1;26;0;0;0;0;0;0;0;296;0;0;0;0;0;0;0;279;357.0;172;2;0;15
45;0x000001F128BD2C00;403332;30922;1;0;53;0;0;0;0;0;0;0;812;0;0;0;0;0;0;0;606;556.0;509;1;2;57
46;0x000001F128BD2C00;409252;31218;0;1;26;0;0;0;0;0;0;0;296;0;0;0;0;0;0;0;279;357.0;172;2;0;15
47;0x000001F128BD2C00;419572;31734;1;0;53;0;0;0;0;0;0;0;812;0;0;0;0;0;0;0;606;556.0;509;1;2;57
48;0x000001F128BD2C00;424364;32111;0;1;19;22;29;26;59;63;38;58;82;11;20;0;29;24;12;34;148;363.5;141;2;0;48
49;0x000001F128BD2C00;433487;32819;1;0;51;56;88;83;162;167;118;173;238;18;56;20;31;45;31;64;404;566.0;438;1;2;181
50;0x000001F128BD2C00;437364;33102;0;1;10;8;26;14;31;50;31;54;69;0;0;29;30;19;42;54;80;349.0;150;2;0;33
51;0x000001F128BD2C00;442849;33526;1;1;30;32;50;48;88;125;79;126;159;0;0;29;54;41;42;100;269;946.5;231;2;0;58
52;0x000001F128BD2C00;450790;34200;2;0;44;69;117;114;153;253;186;210;279;13;53;45;54;43;60;156;398;985.0;628;1;2;212
53;0x000001F128BD2C00;457471;34713;0;0;8;26;32;37;56;83;78;79;122;0;15;18;0;3;3;38;105;-210.0;399;1;2;120
54;0x000001F128BD2C00;465929;35367;0;0;14;33;46;54;89;102;80;112;138;0;4;1;3;82;23;82;127;-19.5;364;1;2;117
55;0x000001F128BD2C00;472634;35883;0;1;22;29;27;29;62;86;83;81;119;8;0;8;33;22;10;96;171;234.5;290;2;1;117
56;0x000001F128BD2C00;480748;36480;1;0;26;63;61;68;125;186;158;202;250;10;0;8;33;36;26;228;232;223.5;667;1;2;216
57;0x000001F128BD2C00;488343;37071;0;0;8;37;35;26;75;115;83;100;120;29;0;0;3;40;47;85;122;24.5;322;1;2;94
58;0x000001F128BD2C00;497026;37709;0;1;25;31;40;48;62;108;81;136;132;5;2;38;0;22;21;146;121;237.0;376;2;1;91
59;0x000001F128BD2C00;505623;38193;0;1;30;0;0;0;0;8;1;0;306;0;0;0;0;1;9;0;276;352.0;188;2;0;16
60;0x000001F128BD2C00;517107;38784;1;0;40;0;0;0;0;36;1;0;869;0;0;0;0;1;9;0;568;463.5;571;1;2;90
61;0x000001F128BD2C00;523299;39099;0;1;30;0;0;0;0;8;1;0;306;0;0;0;0;1;9;0;276;352.0;188;2;0;16
62;0x000001F128BD2C00;534783;39690;1;0;40;0;0;0;0;36;1;0;869;0;0;0;0;1;9;0;568;463.5;571;1;2;90
63;0x000001F128BD2C00;538384;39977;0;1;12;17;28;13;41;42;42;39;65;0;15;0;31;21;11;34;156;445.5;41;2;0;15
64;0x000001F128BD2C00;543250;40354;1;1;25;34;69;35;95;83;102;109;137;0;19;24;50;27;40;154;238;1029.0;137;2;0;40
65;0x000001F128BD2C00;549939;40922;2;0;42;61;110;90;183;160;213;191;224;2;35;39;73;27;101;185;346;1104.5;400;2;2;155
66;0x000001F128BD2C00;558517;41573;0;0;19;35;52;34;77;93;107;133;120;12;12;4;33;20;36;140;121;11.5;393;1;2;97
67;0x000001F128BD2C00;564296;42001;0;1;24;19;39;27;48;61;55;85;94;0;15;13;33;16;13;115;70;301.0;212;2;0;63
0;0x0000020A7EEC2C00;8970;810;0;0;13;102;100;97;99;102;105;107;98;19;31;51;2;5;0;88;106;-63.0;340;1;2;135
1;0x0000020A7EEC2C00;16412;1468;0;0;18;66;97;85;74;91;68;94;83;7;24;4;2;25;26;82;173;-18.0;312;1;2;151
2;0x0000020A7EEC2C00;25956;2318;0;0;22;111;113;92;108;99;104;123;100;48;20;21;29;37;29;103;67;-41.5;390;1;2;146
3;0x0000020A7EEC2C00;33989;3025;0;1;21;75;70;75;95;90;111;100;91;20;10;16;13;43;33;192;26;256.5;292;2;1;135
4;0x0000020A7EEC2C00;44170;3976;1;0;51;212;175;189;214;221;237;205;205;66;25;51;39;71;54;269;109;383.5;611;1;2;275
5;0x0000020A7EEC2C00;50239;4498;0;0;1;52;45;54;72;73;71;64;91;16;21;12;10;29;4;25;46;-304.5;417;0;2;131
6;0x0000020A7EEC2C00;56360;5033;0;1;30;60;50;65;64;69;76;67;84;5;2;3;17;44;20;103;79;304.0;172;2;0;64
7;0x0000020A7EEC2C00;66267;5890;1;1;60;133;137;157;169;195;205;184;212;12;18;21;24;72;42;240;196;635.0;561;2;1;182
8;0x0000020A7EEC2C00;74262;6491;0;1;15;0;0;0;0;0;161;0;186;0;0;0;0;0;62;0;215;404.5;93;2;0;23
9;0x0000020A7EEC2C00;82462;7171;1;0;30;0;0;0;0;0;611;0;416;0;0;0;0;0;143;0;369;428.5;423;1;2;132
10;0x0000020A7EEC2C00;87470;7518;0;1;15;0;0;0;0;0;161;0;186;0;0;0;0;0;62;0;215;404.5;93;2;0;23
11;0x0000020A7EEC2C00;95670;8198;1;0;30;0;0;0;0;0;611;0;416;0;0;0;0;0;143;0;369;428.5;423;1;2;132
12;0x0000020A7EEC2C00;104975;8965;0;0;18;77;56;85;105;90;104;123;127;24;1;5;5;28;30;67;147;-15.5;321;1;2;118
13;0x0000020A7EEC2C00;110610;9425;0;1;24;45;41;32;67;61;61;76;77;11;2;0;42;50;9;59;104;324.5;187;2;0;54
14;0x0000020A7EEC2C00;121072;10325;1;0;44;150;102;131;200;175;186;202;214;55;30;12;48;97;30;160;222;444.0;569;1;2;207
15;0x0000020A7EEC2C00;127067;10819;0;1;30;38;46;46;59;65;77;69;94;3;15;12;26;13;32;32;149;293.0;200;2;0;65
16;0x0000020A7EEC2C00;133744;11352;1;1;43;79;80;93;136;151;136;155;197;33;17;38;56;54;50;110;187;696.0;424;2;0;144
17;0x0000020A7EEC2C00;139810;11870;2;0;66;124;121;151;202;225;217;229;276;52;29;38;74;72;62;166;281;753.5;693;2;2;257
18;0x0000020A7EEC2C00;144690;12285;0;1;11;37;38;30;59;59;67;56;69;12;23;10;6;13;2;50;151;335.0;174;2;0;54
19;0x0000020A7EEC2C00;150529;12765;1;1;25;74;73;64;118;142;139;117;168;12;23;10;20;31;13;98;338;856.0;340;2;0;111
20;0x0000020A7EEC2C00;156592;13254;2;0;39;105;101;100;176;214;234;186;268;14;35;12;20;31;70;136;413;835.0;609;2;2;245
21;0x0000020A7EEC2C00;164659;13931;0;0;26;54;56;61;86;102;104;85;129;2;42;19;13;34;40;78;135;63.0;274;1;2;138
22;0x0000020A7EEC2C00;174836;14677;0;1;18;0;0;0;0;0;121;0;214;0;0;0;0;0;45;0;230;373.5;121;2;0;21
23;0x0000020A7EEC2C00;184500;15270;1;0;36;0;0;0;0;0;304;0;624;0;0;0;0;0;56;0;526;500.5;438;1;2;116
24;0x0000020A7EEC2C00;189748;15605;0;1;18;0;0;0;0;0;121;0;214;0;0;0;0;0;45;0;230;373.5;121;2;0;21
25;0x0000020A7EEC2C00;199412;16198;1;0;36;0;0;0;0;0;304;0;624;0;0;0;0;0;56;0;526;500.5;438;1;2;116
26;0x0000020A7EEC2C00;205054;16635;0;1;12;31;35;38;42;79;45;72;95;0;9;2;15;15;4;43;194;322.5;175;2;0;64
27;0x0000020A7EEC2C00;212828;17248;1;0;34;66;99;80;115;181;113;156;240;2;10;4;43;55;6;124;283;388.0;449;2;2;143
28;0x0000020A7EEC2C00;220303;17838;0;0;24;44;42;47;72;105;63;89;128;18;15;3;21;55;16;70;153;92.5;302;1;2;80
29;0x0000020A7EEC2C00;225637;18251;0;1;11;25;31;24;50;77;51;75;80;17;14;4;14;25;2;101;100;363.0;120;2;0;52
30;0x0000020A7EEC2C00;232820;18824;1;1;28;72;66;62;131;191;102;154;208;22;28;10;36;71;6;195;178;805.0;352;2;0;122
31;0x0000020A7EEC2C00;238997;19335;2;1;47;112;102;106;194;276;178;221;308;39;28;27;50;71;6;215;374;1359.0;550;2;0;200
32;0x0000020A7EEC2C00;247166;20003;3;1;61;157;146;151;279;403;269;289;471;65;64;27;62;97;56;268;534;1944.0;893;2;1;318
33;0x0000020A7EEC2C00;254099;20556;0;0;15;38;33;34;70;124;54;71;129;31;2;0;0;72;7;71;214;140.5;272;1;2;97
34;0x0000020A7EEC2C00;261510;21165;0;1;21;41;47;32;105;122;60;85;117;32;0;14;25;12;22;90;151;226.5;345;2;1;107
35;0x0000020A7EEC2C00;269573;21800;1;1;53;79;93;83;195;241;113;173;267;56;1;26;56;21;31;113;307;637.0;614;2;1;164
36;0x0000020A7EEC2C00;276096;22328;2;0;74;117;131;123;268;338;172;246;377;56;4;40;68;23;35;162;384;601.5;886;2;2;287
37;0x0000020A7EEC2C00;282177;22638;0;1;26;0;0;0;0;0;0;0;296;0;0;0;0;0;0;0;279;357.0;172;2;0;15
38;0x0000020A7EEC2C00;292497;23154;1;0;53;0;0;0;0;0;0;0;812;0;0;0;0;0;0;0;606;556.0;509;1;2;57
39;0x0000020A7EEC2C00;298417;23450;0;1;26;0;0;0;0;0;0;0;296;0;0;0;0;0;0;0;279;357.0;172;2;0;15
40;0x0000020A7EEC2C00;308737;23966;1;0;53;0;0;0;0;0;0;0;812;0;0;0;0;0;0;0;606;556.0;509;1;2;57
41;0x0000020A7EEC2C00;316200;24555;0;1;22;45;56;62;70;91;46;89;130;24;17;4;11;18;11;110;180;267.0;315;2;1;103
42;0x0000020A7EEC2C00;325192;25273;1;1;39;103;123;125;150;221;106;188;291;47;40;22;26;37;38;242;325;774.5;592;2;1;197
43;0x0000020A7EEC2C00;390572;30406;0;1;26;0;0;0;0;0;0;0;296;0;0;0;0;0;0;0;279;357.0;172;2;0;15
44;0x0000020A7EEC2C00;400892;30922;1;0;53;0;0;0;0;0;0;0;812;0;0;0;0;0;0;0;606;556.0;509;1;2;57
45;0x0000020A7EEC2C00;406812;31218;0;1;26;0;0;0;0;0;0;0;296;0;0;0;0;0;0;0;279;357.0;172;2;0;15
46;0x0000020A7EEC2C00;417132;31734;1;0;53;0;0;0;0;0;0;0;812;0;0;0;0;0;0;0;606;556.0;509;1;2;57
47;0x0000020A7EEC2C00;421379;32074;0;1;22;18;23;28;48;56;49;57;61;17;16;5;37;12;23;66;106;392.0;134;2;0;34
48;0x0000020A7EEC2C00;426526;32467;1;1;39;33;46;57;98;139;89;128;143;17;16;5;50;56;23;104;286;992.0;194;2;0;53
49;0x0000020A7EEC2C00;434087;33073;2;0;49;61;105;98;177;239;174;216;269;32;19;18;77;104;34;133;394;1053.5;588;1;2;171
50;0x0000020A7EEC2C00;439264;33476;0;1;21;23;35;28;49;57;59;66;86;0;0;2;18;17;36;106;95;289.5;199;2;0;70
51;0x0000020A7EEC2C00;444477;33872;1;1;43;43;64;60;95;122;107;141;167;0;28;2;21;77;38;166;218;879.0;280;2;0;89
52;0x0000020A7EEC2C00;449764;34302;2;0;57;77;100;89;145;189;175;202;252;0;30;20;57;92;42;262;232;901.0;548;2;2;181
53;0x0000020A7EEC2C00;453754;34591;0;1;8;12;16;21;29;51;33;58;69;1;0;4;9;14;12;81;152;408.0;90;2;0;25
54;0x0000020A7EEC2C00;461982;35224;1;1;46;44;54;65;99;171;120;169;200;1;17;6;29;32;24;177;249;839.0;310;2;0;106
55;0x0000020A7EEC2C00;469136;35795;2;0;74;83;106;107;164;252;214;271;296;23;43;6;43;58;38;265;316;861.5;581;2;2;248
56;0x0000020A7EEC2C00;473448;36111;0;1;15;16;25;13;34;59;34;63;72;0;3;0;16;50;16;92;93;358.0;134;2;0;36
57;0x0000020A7EEC2C00;479907;36592;1;1;38;33;49;44;83;159;95;149;185;23;5;0;62;62;47;133;216;845.5;345;2;0;98
58;0x0000020A7EEC2C00;488618;37314;2;0;68;81;111;100;162;282;221;260;302;62;5;0;80;114;132;179;349;1131.5;630;1;2;187
59;0x0000020A7EEC2C00;492919;37643;0;1;19;16;22;16;37;70;40;56;72;30;18;0;31;21;13;36;136;387.0;140;2;0;35
60;0x0000020A7EEC2C00;502250;38193;0;1;30;0;0;0;0;8;1;0;306;0;0;0;0;1;9;0;276;352.0;188;2;0;16
61;0x0000020A7EEC2C00;513734;38784;1;0;40;0;0;0;0;36;1;0;869;0;0;0;0;1;9;0;568;463.5;571;1;2;90
62;0x0000020A7EEC2C00;519926;39099;0;1;30;0;0;0;0;8;1;0;306;0;0;0;0;1;9;0;276;352.0;188;2;0;16
63;0x0000020A7EEC2C00;531410;39690;1;0;40;0;0;0;0;36;1;0;869;0;0;0;0;1;9;0;568;463.5;571;1;2;90
64;0x0000020A7EEC2C00;537010;40112;0;1;19;26;28;18;44;79;56;72;99;13;0;12;21;33;22;23;154;283.5;187;2;0;71
65;0x0000020A7EEC2C00;542364;40515;1;1;38;43;56;39;92;144;119;150;182;13;6;25;32;45;50;87;291;854.0;288;2;0;95
66;0x0000020A7EEC2C00;548791;41064;2;0;63;82;110;77;162;239;210;223;271;42;23;25;43;69;106;127;337;902.0;561;2;2;206
67;0x0000020A7EEC2C00;553700;41416;0;1;21;24;10;27;38;45;49;71;88;12;0;0;22;27;7;129;73;327.0;180;2;0;53
68;0x0000020A7EEC2C00;562850;42098;1;0;40;63;56;69;121;130;159;216;220;16;22;15;43;39;11;230;243;521.0;463;1;2;155
69;0x0000020A7EEC2C00;570475;42684;0;0;24;35;37;36;95;73;83;104;123;16;13;2;54;24;3;90;154;97.0;316;1;2;91
70;0x0000020A7EEC2C00;577058;43184;0;0;10;22;40;30;69;80;63;98;98;2;29;2;7;7;3;95;176;60.5;273;1;2;87
0;0x0000025CD7992B60;6979;641;0;0;7;61;94;76;90;85;76;66;93;0;29;43;2;0;39;2;137;-120.0;361;1;2;162
1;0x0000025CD7992B60;15252;1373;0;0;5;95;78;86;92;108;78;107;88;6;4;62;44;24;1;81;42;-63.0;321;1;2;119
2;0x0000025CD7992B60;23305;2076;0;0;16;85;83;84;87;92;74;98;100;26;13;4;13;2;49;123;80;-187.5;413;0;2;140
3;0x0000025CD7992B60;29642;2639;0;1;30;76;44;70;77;77;68;72;79;33;14;16;25;21;25;83;53;263.5;213;2;0;80
4;0x0000025CD7992B60;38371;3395;1;0;47;167;116;151;188;161;168;180;188;67;53;50;70;57;68;161;166;459.5;523;1;2;203
5;0x0000025CD7992B60;45343;3997;0;0;5;74;72;61;61;89;70;81;94;12;11;2;0;25;26;42;107;-149.5;388;1;2;145
6;0x0000025CD7992B60;49738;4377;0;1;9;47;36;35;43;57;54;55;53;27;2;0;0;49;31;130;35;374.5;149;2;0;37
7;0x0000025CD7992B60;55248;4841;1;1;31;97;71;76;111;116;123;127;123;53;11;32;47;53;57;200;102;931.5;229;2;0;81
8;0x0000025CD7992B60;63449;5521;2;0;48;169;137;127;193;219;212;234;233;63;25;34;48;67;141;263;187;1020.5;570;1;2;213
9;0x0000025CD7992B60;70401;6112;0;0;13;57;48;62;69;102;78;90;85;27;29;28;13;17;29;91;118;51.0;298;1;2;114
10;0x0000025CD7992B60;75744;6491;0;1;15;0;0;0;0;0;161;0;186;0;0;0;0;0;62;0;215;404.5;93;2;0;23
11;0x0000025CD7992B60;83944;7171;1;0;30;0;0;0;0;0;611;0;416;0;0;0;0;0;143;0;369;428.5;423;1;2;132
12;0x0000025CD7992B60;88952;7518;0;1;15;0;0;0;0;0;161;0;186;0;0;0;0;0;62;0;215;404.5;93;2;0;23
13;0x0000025CD7992B60;97152;8198;1;0;30;0;0;0;0;0;611;0;416;0;0;0;0;0;143;0;369;428.5;423;1;2;132
14;0x0000025CD7992B60;104673;8831;0;0;7;57;53;73;92;86;79;104;89;4;27;20;11;0;4;56;161;-103.5;395;1;2;135
15;0x0000025CD7992B60;113316;9561;0;0;19;80;51;85;101;98;89;102;124;4;22;0;0;34;16;115;186;16.5;321;1;2;101
16;0x0000025CD7992B60;117842;9930;0;1;17;26;34;35;55;42;52;56;69;25;2;11;16;22;39;43;124;313.0;210;2;0;77
17;0x0000025CD7992B60;124169;10453;1;1;41;81;71;76;131;117;121;134;161;38;6;27;34;37;51;105;259;791.5;403;2;0;135
18;0x0000025CD7992B60;132649;11169;2;0;65;148;141;134;220;221;224;218;302;64;21;29;80;51;117;148;382;915.0;776;1;2;280
19;0x0000025CD7992B60;139496;11740;0;0;12;43;40;60;78;76;92;79;103;25;27;16;18;17;27;17;114;-61.0;316;1;2;133
20;0x0000025CD7992B60;146619;12339;0;0;19;43;56;68;70;80;93;75;114;7;2;20;14;32;17;51;211;67.5;281;1;2;110
21;0x0000025CD7992B60;151888;12764;0;1;18;34;28;41;64;58;52;65;83;0;14;19;11;30;50;50;111;345.0;124;2;0;53
22;0x0000025CD7992B60;164202;13798;1;0;57;116;111;128;202;223;209;207;263;0;50;41;52;36;79;139;232;452.5;501;1;2;186
23;0x0000025CD7992B60;169299;14211;0;1;25;31;32;41;43;60;63;56;87;19;2;4;12;14;1;69;164;354.5;149;2;0;60
24;0x0000025CD7992B60;176221;14677;0;1;18;0;0;0;0;0;121;0;214;0;0;0;0;0;45;0;230;373.5;121;2;0;21
25;0x0000025CD7992B60;185885;15270;1;0;36;0;0;0;0;0;304;0;624;0;0;0;0;0;56;0;526;500.5;438;1;2;116
26;0x0000025CD7992B60;191133;15605;0;1;18;0;0;0;0;0;121;0;214;0;0;0;0;0;45;0;230;373.5;121;2;0;21
27;0x0000025CD7992B60;200797;16198;1;0;36;0;0;0;0;0;304;0;624;0;0;0;0;0;56;0;526;500.5;438;1;2;116
28;0x0000025CD7992B60;208806;16857;0;0;19;50;52;49;68;155;70;94;121;2;14;37;31;54;15;71;186;39.5;365;1;2;124
29;0x0000025CD7992B60;215500;17393;0;0;14;36;42;47;53;113;58;85;102;0;2;25;14;37;45;95;127;95.5;282;1;2;89
30;0x0000025CD7992B60;223280;18012;0;0;10;43;53;47;69;117;67;91;132;43;13;17;3;27;7;125;166;99.0;336;1;2;96
31;0x0000025CD7992B60;227910;18386;0;1;12;23;26;21;52;75;46;47;84;2;0;0;16;40;36;47;130;352.0;140;2;0;25
32;0x0000025CD7992B60;234937;18949;1;1;32;61;69;53;120;185;120;129;200;2;15;6;29;70;48;124;249;830.5;307;2;0;75
33;0x0000025CD7992B60;241563;19503;2;0;57;108;100;91;186;287;214;195;310;6;15;6;59;84;60;140;359;818.5;588;2;2;206
34;0x0000025CD7992B60;251547;20325;0;1;23;55;54;70;105;172;94;107;165;12;6;43;2;43;43;64;149;148.0;360;2;1;156
35;0x0000025CD7992B60;256572;20728;1;1;37;90;82;105;162;242;130;170;244;12;6;43;41;58;55;114;313;729.0;450;2;1;187
36;0x0000025CD7992B60;262293;21190;2;0;47;117;125;147;213;330;183;243;329;12;6;72;41;78;55;183;376;720.5;717;2;2;303
37;0x0000025CD7992B60;269105;21725;0;0;18;34;40;40;70;97;51;70;133;13;0;17;18;2;6;79;172;39.0;273;1;2;98
38;0x0000025CD7992B60;283112;22638;0;1;26;0;0;0;0;0;0;0;296;0;0;0;0;0;0;0;279;357.0;172;2;0;15
39;0x0000025CD7992B60;293432;23154;1;0;53;0;0;0;0;0;0;0;812;0;0;0;0;0;0;0;606;556.0;509;1;2;57
40;0x0000025CD7992B60;299352;23450;0;1;26;0;0;0;0;0;0;0;296;0;0;0;0;0;0;0;279;357.0;172;2;0;15
41;0x0000025CD7992B60;309672;23966;1;0;53;0;0;0;0;0;0;0;812;0;0;0;0;0;0;0;606;556.0;509;1;2;57
42;0x0000025CD7992B60;315071;24378;0;1;25;23;34;26;58;70;36;66;99;0;15;5;0;11;13;46;171;298.0;180;2;0;60
43;0x0000025CD7992B60;321275;24862;1;1;49;57;79;77;120;141;73;145;204;0;16;26;7;33;29;141;266;766.0;346;2;0;122
44;0x0000025CD7992B60;326803;25302;2;0;57;91;118;111;181;207;118;206;304;13;20;26;7;36;55;196;343;754.5;620;2;2;228
45;0x0000025CD7992B60;332916;25790;0;0;4;35;42;47;71;83;29;58;123;1;0;8;0;5;20;68;106;-153.5;392;1;2;111
46;0x0000025CD7992B60;337070;26104;0;1;9;20;27;30;29;57;23;53;75;25;5;25;4;7;21;62;123;405.5;95;2;0;30
47;0x0000025CD7992B60;348300;26974;1;0;39;62;117;118;123;214;86;191;273;63;31;28;29;21;23;154;297;576.0;464;1;2;162
48;0x0000025CD7992B60;352497;27294;0;1;14;7;25;21;38;57;46;54;72;0;0;2;31;52;24;61;116;386.0;106;2;0;36
49;0x0000025CD7992B60;363186;28093;1;0;38;53;81;69;139;202;116;192;267;33;0;17;46;99;28;119;277;516.5;468;1;2;138
50;0x0000025CD7992B60;370591;28651;0;0;13;28;33;42;60;110;57;92;136;3;20;0;8;37;37;67;193;48.5;307;1;2;95
51;0x0000025CD7992B60;377246;29165;0;0;13;19;47;33;70;79;70;90;106;12;0;0;19;1;0;78;190;-36.0;340;1;2;97
52;0x0000025CD7992B60;385112;29764;0;1;23;23;40;46;73;104;75;100;138;0;14;0;26;34;30;127;162;298.5;330;2;1;96
53;0x0000025CD7992B60;395671;30406;0;1;26;0;0;0;0;0;0;0;296;0;0;0;0;0;0;0;279;357.0;172;2;0;15
54;0x0000025CD7992B60;405991;30922;1;0;53;0;0;0;0;0;0;0;812;0;0;0;0;0;0;0;606;556.0;509;1;2;57
55;0x0000025CD7992B60;411911;31218;0;1;26;0;0;0;0;0;0;0;296;0;0;0;0;0;0;0;279;357.0;172;2;0;15
56;0x0000025CD7992B60;422231;31734;1;0;53;0;0;0;0;0;0;0;812;0;0;0;0;0;0;0;606;556.0;509;1;2;57
57;0x0000025CD7992B60;426633;32079;0;1;22;22;19;27;50;62;40;65;60;0;0;21;2;24;29;93;100;357.0;134;2;0;40
58;0x0000025CD7992B60;431341;32449;1;1;31;43;42;49;112;124;85;129;131;14;0;21;4;38;38;184;251;990.0;174;2;0;46
59;0x0000025CD7992B60;437395;32923;2;0;47;63;83;89;169;198;150;203;234;23;12;50;6;79;54;255;276;1007.5;459;2;2;162
60;0x0000025CD7992B60;444054;33420;0;0;11;22;34;38;71;74;52;94;112;0;0;0;21;11;0;80;129;-132.0;396;1;2;112
61;0x0000025CD7992B60;448793;33791;0;1;17;21;31;23;58;55;45;62;76;0;0;11;39;20;22;65;125;403.0;92;2;0;25
62;0x0000025CD7992B60;459018;34580;1;0;47;71;78;73;142;199;159;198;240;0;25;27;41;63;40;199;252;590.5;429;1;2;128
63;0x0000025CD7992B60;466917;35203;0;0;20;50;50;30;83;103;79;98;130;29;0;13;14;40;16;78;136;20.0;334;1;2;108
64;0x0000025CD7992B60;472044;35590;0;1;18;21;26;22;52;64;48;76;78;5;10;11;0;26;32;51;134;287.0;180;2;0;64
65;0x0000025CD7992B60;477949;36033;1;1;33;39;56;43;94;161;104;157;176;17;10;13;14;101;51;114;219;817.0;310;2;0;98
66;0x0000025CD7992B60;484301;36539;2;0;44;67;88;84;145;255;185;234;278;19;10;31;14;104;63;173;307;770.5;583;2;2;229
67;0x0000025CD7992B60;489385;36918;0;1;20;12;24;24;40;66;57;70;86;0;12;0;34;2;35;114;85;328.5;173;2;0;56
68;0x0000025CD7992B60;500240;37744;1;0;53;52;86;85;118;221;163;220;260;35;12;1;34;29;71;269;207;496.0;565;1;2;168
69;0x0000025CD7992B60;508388;38193;0;1;30;0;0;0;0;8;1;0;306;0;0;0;0;1;9;0;276;352.0;188;2;0;16
70;0x0000025CD7992B60;519872;38784;1;0;40;0;0;0;0;36;1;0;869;0;0;0;0;1;9;0;568;463.5;571;1;2;90
71;0x0000025CD7992B60;526064;39099;0;1;30;0;0;0;0;8;1;0;306;0;0;0;0;1;9;0;276;352.0;188;2;0;16
72;0x0000025CD7992B60;537548;39690;1;0;40;0;0;0;0;36;1;0;869;0;0;0;0;1;9;0;568;463.5;571;1;2;90
73;0x0000025CD7992B60;541460;39987;0;1;16;10;22;20;44;27;58;60;56;2;14;4;2;0;3;91;155;425.5;77;2;0;20
74;0x0000025CD7992B60;548324;40498;1;1;37;31;55;39;115;104;140;166;158;4;19;17;5;14;24;197;270;971.0;190;2;0;59
75;0x0000025CD7992B60;557069;41187;2;1;64;66;91;89;205;196;277;280;293;4;46;39;7;39;33;301;473;1532.5;474;2;1;197
76;0x0000025CD7992B60;562789;41641;3;0;87;94;115;128;262;265;353;356;378;4;48;41;7;63;74;379;529;1580.0;744;2;2;329
77;0x0000025CD7992B60;568750;42100;0;0;7;30;32;39;66;60;52;74;106;14;2;0;4;26;3;57;127;-84.5;330;1;2;105
78;0x0000025CD7992B60;576418;42657;0;1;17;32;45;24;75;76;64;124;117;21;21;5;25;16;36;131;146;323.0;266;2;1;102
79;0x0000025CD7992B60;583123;43161;1;0;40;59;71;61;148;149;127;218;228;21;21;5;41;31;48;177;285;354.5;531;2;2;193
